Workbook

Sheet 안내
B2: XW3형 사이클로이드 감속기 체적 최소화 — 엑셀 해찾기(GRG 비선형) 최적설계
B5: 📋 파일 구성
B6: • 안내 : 이 시트 — 파일 사용 방법 및 구성 설명
B7: • 최적화_메인 : 설계변수, 목적함수, 제약조건 전체 모델 (해찾기 실행 시트)
B8: • 고정변수_참조 : 4개 고정 설계변수 및 공통 상수 정의
B9: • 결과_비교 : 엑셀 GRG 결과 vs MATLAB SQP 결과 비교표
B11: ⚙️ 해찾기 실행 방법
B12: 1. [최적화_메인] 시트로 이동
B13: 2. Excel 메뉴 [데이터] → [해찾기] 클릭
B14: 3. 목표 설정: $C$8 (체적 V) / 최솟값 선택
B15: 4. 변수 셀: $C$5:$C$6 (drp, K1)
B16: 5. 제약 조건: 이미 설정됨 — 확인 후 [해찾기] 실행
... B23: • 다른 초기점 테스트: C5, C6 값을 바꾸고 해찾기를 재실행하세요

Sheet 고정변수_참조
B1: 고정 설계변수 및 공통 상수
B3: 고정 설계변수 (단목적 최적해에서 고정)
B4: 변수 | C4: 값 (고정) | D4: 단위 | E4: 설명
B5: Dp | C5: 140 | D5: mm | E5: 핀 기어 중심원 직경 (하한 수렴)
B6: B | C6: 7 | D6: mm | E6: 사이클로이드 기어 폭 (하한 수렴)
B7: D | C7: 55 | D7: mm | E7: 중심홀 직경 (상한 수렴)
B8: dsw | C8: 14 | D8: mm | E8: 출력 핀 직경 (상한 수렴)
B10: 공통 상수
B11: 기호 | C11: 값 | D11: 단위 | E11: 의미
B12: zc | C12: 43 | D12: - | E12: 사이클로이드 기어 치형 수 (= 전달비)
B13: zp | C13: 44 | D13: - | E13: 핀 기어 핀 수
B14: zw | C14: 8 | D14: - | E14: 출력 핀 수
B15: Delta2 | C15: 2 | D15: mm | E15: 핀 슬리브 벽 두께
B16: Dw | C16: 90 | D16: mm | E16: 출력 핀 중심원 직경 (변화 없음)
B17: mu | C17: 0.05 | D17: - | E17: 핀-기어 마찰계수
B18: fw | C18: 0.02 | D18: - | E18: 출력부 마찰계수
B19: eta_zx | C19: 0.99 | D19: - | E19: 피벗 암 베어링 효율
B20: eta_gx | C20: 0.995 | D20: - | E20: 롤링 베어링 효율
B21: n | C21: 1440 | D21: rpm | E21: 입력 회전수
B22: P | C22: 0.75 | D22: kW | E22: 입력 동력

Sheet 최적화_메인
B1: XW3형 사이클로이드 감속기 — 엑셀 해찾기(GRG 비선형) 체적 최소화
B3: ① 설계변수 (파란 글씨 셀 = 해찾기가 조정하는 값)
B4: 변수 | C4: 현재값 (초기값) | D4: 하한 | E4: 상한 | F4: 단위 | G4: 설명
B5: drp (핀 직경) | C5: 9.9874856 | D5: 7 | E5: 10.4 | F5: mm | G5: 핀 기어 핀 직경 — 해찾기 조정 변수 1
B6: K1 (단폭계수) | C6: 0.77495208 | D6: 0.6 | E6: 0.9 | F6: — | G6: 단폭계수 — 해찾기 조정 변수 2 (이빨 형상 결정 파라미터)
B7: Dp (핀 중심원 직경) | C7: =고정변수_참조!C5 -> 140 | D7: — | E7: — | F7: mm | G7: 고정 (단목적 최적해 하한 수렴값)
B8: B (기어 폭) | C8: =고정변수_참조!C6 -> 7 | D8: — | E8: — | F8: mm | G8: 고정 (단목적 최적해 하한 수렴값)
B9: D (중심홀 직경) | C9: =고정변수_참조!C7 -> 55 | D9: — | E9: — | F9: mm | G9: 고정 (단목적 최적해 상한 수렴값)
B10: dsw (출력 핀 직경) | C10: =고정변수_참조!C8 -> 14 | D10: — | E10: — | F10: mm | G10: 고정 (단목적 최적해 상한 수렴값)
B12: ② 목적함수 — 체적 V(X) [최솟값 목표]
B13: 수식 구조 | C13: V = (π·B/4)·[(Dp - K1·Dp/zp - drp)² - (dsw + 2·Δ₂ + K1·Dp/zp)²·zw - D²] + K1·(Dp/zp)·zc·B
B14: 체적 V (mm³) ← 목표 셀 | C14: =(PI()/4)*고정변수_참조!C6*((고정변수_참조!C5-C6*고정변수_참조!C5/44-C5)^2-(고정변수_참조!C8+2*고정변수_참조!C15+C6*고정변수_참조!C5/44)^2*8-고정변수_참조!C7^2)+C6*(고정변수_참조!C5/44)*43*고정변수_참조!C6 -> 55128.491 | D14: ▲ 해찾기 목표 셀 (최솟값)
B16: ③ 전달 효율 η (참고 — 목적함수 아님)
B17: η_nx (가상 순수 기어 효율) | C17: =1-(고정변수_참조!C5-C5)*4*고정변수_참조!C17/(C6*43*고정변수_참조!C5*PI()) -> 0.99822584 | D17: 1 - (Dp-drp)·4μ / (K1·zc·Dp·π)
B18: η_x (맞물림 효율) | C18: =C17/(1+43*(1-C17)) -> 0.92747 | D18: η_nx / (1 + zc·(1 - η_nx))
B19: η_sx (출력부 효율) | C19: =1-4*고정변수_참조!C18*C6*고정변수_참조!C8*고정변수_참조!C5/(PI()*고정변수_참조!C16*(고정변수_참조!C8+2*고정변수_참조!C15)) -> 0.97612431 | D19: 1 - 4·fw·K1·dsw·Dp / (π·Dw·(dsw+2Δ₂))
B20: η (전체 효율) ← 참고값 | C20: =C18*고정변수_참조!C19*고정변수_참조!C20^2*C19 -> 0.88733243 | D20: η_x · η_zx · η_gx² · η_sx
B22: ④ 제약조건 (모두 ≤ 0 형태 / 해찾기에서 ≤ 0으로 설정)
B23: 제약 | C23: 현재값 | D23: 기준값 | E23: 판정 | F23: 내용
B24: y1 | C24: =C5/2-고정변수_참조!C5/2*SQRT(27*(1-C6^2)*(44-1)/(44+1)^3) -> -2.9076737e-07 | D24: 0 | E24: =IF(C24<=0.000001,"✓ 만족","✗ 위반") -> ✓ 만족 | F24: 언더컷/첨예화 방지 — drp/2 ≤ Dp/2·√[27(1-K1²)(zp-1)/(zp+1)³]
B25: y2 | C25: =0.6-C6 -> -0.17495208 | D25: 0 | E25: =IF(C25<=0.000001,"✓ 만족","✗ 위반") -> ✓ 만족 | F25: 단폭계수 하한 — K1 ≥ 0.60
B26: y3 | C26: =C6-0.9 -> -0.12504792 | D26: 0 | E26: =IF(C26<=0.000001,"✓ 만족","✗ 위반") -> ✓ 만족 | F26: 단폭계수 상한 — K1 ≤ 0.90
B27: y4 | C27: =1-(고정변수_참조!C5/C5*SIN(PI()/44)) -> 0 | D27: 0 | E27: =IF(C27<=0.000001,"✓ 만족","✗ 위반") -> ✓ 만족 | F27: 핀직경 계수 하한 — K2 ≥ 1.0
B28: y5 | C28: =고정변수_참조!C5/C5*SIN(PI()/44)-1.6 -> -0.6 | D28: 0 | E28: =IF(C28<=0.000001,"✓ 만족","✗ 위반") -> ✓ 만족 | F28: 핀직경 계수 상한 — K2 ≤ 1.6
B29: y14 | C29: =0.05*고정변수_참조!C5-고정변수_참조!C6 -> 0 | D29: 0 | E29: =IF(C29<=0.000001,"✓ 만족","✗ 위반") -> ✓ 만족 | F29: 기어폭 하한 — B ≥ 0.05·Dp (고정값이므로 참고)
B30: y15 | C30: =고정변수_참조!C6-0.1*고정변수_참조!C5 -> -7 | D30: 0 | E30: =IF(C30<=0.000001,"✓ 만족","✗ 위반") -> ✓ 만족 | F30: 기어폭 상한 — B ≤ 0.10·Dp (고정값이므로 참고)
B32: * 강도 제약(y6~y9), Dp 범위(y10,y11), 핀홀 기하(y12,y13), 베어링 수명(y16)은 Dp,B,D,dsw 고정으로 인해 상수화됨 — 별도 확인 불필요
B34: ⑤ 해찾기 설정 가이드
B35: 목표 설정 (Set Objective) | C35: $C$14
B36: 최적화 방향 (To) | C36: 최솟값 (Min)
B37: 변수 셀 (Variable Cells) | C37: $C$5:$C$6
B38: 해법 선택 (Solving Method) | C38: GRG 비선형 (GRG Nonlinear)
B39: 제약조건 — drp 하한 | C39: $C$5 >= 7
B40: 제약조건 — drp 상한 | C40: $C$5 <= 10.4
B41: 제약조건 — K1 하한 | C41: $C$6 >= 0.60
B42: 제약조건 — K1 상한 | C42: $C$6 <= 0.90
B43: 제약조건 — y1 (언더컷) | C43: $C$24 <= 0
B44: 제약조건 — y4 (K2 하한) | C44: $C$27 <= 0
B45: 제약조건 — y5 (K2 상한) | C45: $C$28 <= 0

Sheet 결과_비교
B1: 엑셀 GRG 비선형 vs MATLAB SQP 결과 비교
B3: * 엑셀 결과는 해찾기 실행 후 [최적화_메인] 시트의 최적값을 이 표에 직접 입력하세요
B5: 설계변수 비교 (drp, K1)
B6: 항목 | C6: 초기값 | D6: MATLAB SQP | E6: Excel GRG | F6: 차이
B7: drp (핀 직경, mm) | C7: 10 | D7: 9.99 | E7: =최적화_메인!C5 -> 9.9874856 | F7: 해찾기 결과 입력 후 계산
B8: K1 (단폭계수) | C8: 0.6069 | D8: 0.775 | E8: =최적화_메인!C6 -> 0.77495208 | F8: 해찾기 결과 입력 후 계산
B10: 성능 비교
B11: 항목 | C11: 초기 설계 | D11: MATLAB SQP | E11: Excel GRG | F11: 비고
B12: 체적 V (mm³) | C12: 104416 | D12: 55128 | E12: =최적화_메인!C14 -> 55128.491 | F12: 해찾기 결과 입력 후 비교
B13: 전달 효율 η | C13: 0.8744 | D13: 0.8873 | E13: =최적화_메인!C20 -> 0.88733243 | F13: 해찾기 결과 입력 후 비교
B16: 📌 해석 노트
B17: • GRG 비선형은 SQP와 동일 계열(경도 기반)이므로, 같은 초기점에서 같은 최적해로 수렴해야 한다.
B18: • Dp, B, D, dsw를 고정한 2변수 문제이므로, 7변수 전체 최적화와 결과가 다를 수 있다.
B19: • 결과가 일치하면 → 두 방법이 같은 결론을 지지함을 확인하는 교차 검증 역할
B20: • 결과가 다르면 → 고정 변수 설정의 한계 또는 알고리즘 차이에 의한 것으로 해석
B21: • 다중 초기점 검증: drp, K1의 초기값을 다양하게 바꿔가며 해찾기를 반복 실행해 보세요.
